{"cameraMode":{"drawMode":0,"name":"Shaded","section":"Shading Mode"},"sceneLighting":true,"audioPlay":false,"sceneViewState":{"showFog":true,"showMaterialUpdate":false,"showSkybox":true,"showFlares":true,"showImageEffects":true,"showParticleSystems":true},"in2DMode":false,"pivot":{"x":33.736183166503909,"y":23.959335327148439,"z":81.74885559082031},"rotation":{"x":0.01993778720498085,"y":-0.9749211668968201,"z":0.19896429777145387,"w":0.09769606590270996},"size":5.707395553588867,"orthographic":false}